Size,Time
200,0.034111
400,0.266468
800,2.134880
1200,7.216800
1600,17.089100
2000,33.363700
